Donatello,Rafaello,Jani,Leonardo,Jozsika
Donatello,Rafaello,Jani,Leonardo,Jozsika
Donatello,Rafaello,Jani,Leonardo,Jozsika
Donatello,Rafaello,Jani,Leonardo,Jozsika
Donatello,Rafaello,Jani,Leonardo,Jozsika
Donatello,Rafaello,Jani,Leonardo,Jozsika
Jani,Rafaello,Leonardo,Donatello,Jozsika
Donatello,Rafaello,Jani,Leonardo,Jozsika
Jozsika,Rafaello,Jani,Leonardo,Donatello
Rafaello,Jani,Leonardo,Donatello,Jozsika
Donatello,Rafaello,Jani,Leonardo,Jozsika
Jani,Rafaello,Leonardo,Donatello,Jozsika
Jani,Rafaello,Leonardo,Donatello,Jozsika
Donatello,Rafaello,Jani,Leonardo,Jozsika
Rafaello,Jani,Leonardo,Donatello,Jozsika
Donatello,Rafaello,Jani,Leonardo,Jozsika
Jozsika,Rafaello,Jani,Leonardo,Donatello
Jani,Rafaello,Leonardo,Donatello,Jozsika
Jani,Rafaello,Leonardo,Donatello,Jozsika
Leonardo,Rafaello,Jani,Donatello,Jozsika
Donatello,Rafaello,Jani,Leonardo,Jozsika
Donatello,Rafaello,Jani,Leonardo,Jozsika
Jani,Rafaello,Leonardo,Donatello,Jozsika
Jani,Rafaello,Leonardo,Donatello,Jozsika
Jani,Rafaello,Leonardo,Donatello,Jozsika
Leonardo,Rafaello,Jani,Donatello,Jozsika
Donatello,Rafaello,Jani,Leonardo,Jozsika
Leonardo,Rafaello,Jani,Donatello,Jozsika
Jani,Rafaello,Leonardo,Donatello,Jozsika
Donatello,Rafaello,Jani,Leonardo,Jozsika
Jani,Rafaello,Leonardo,Donatello,Jozsika
Jani,Rafaello,Leonardo,Donatello,Jozsika
Jani,Rafaello,Leonardo,Donatello,Jozsika
Donatello,Rafaello,Jani,Leonardo,Jozsika
Donatello,Rafaello,Jani,Leonardo,Jozsika
Jozsika,Rafaello,Jani,Leonardo,Donatello
Jani,Rafaello,Leonardo,Donatello,Jozsika
Jozsika,Rafaello,Jani,Leonardo,Donatello
Jozsika,Rafaello,Jani,Leonardo,Donatello
Rafaello,Jani,Leonardo,Donatello,Jozsika
Jani,Rafaello,Leonardo,Donatello,Jozsika
Leonardo,Rafaello,Jani,Donatello,Jozsika
Rafaello,Jani,Leonardo,Donatello,Jozsika
Jani,Rafaello,Leonardo,Donatello,Jozsika
Jani,Donatello,Gazsi,Rafaello,Leonardo,Jozsika,
Jani,Donatello,Gazsi,Rafaello,Leonardo,Jozsika,
Jani,Leonardo,Gazsi,Rafaello,Donatello,Jozsika,
Jani,Leonardo,Gazsi,Rafaello,Donatello,Jozsika,
Gazsi,Jani,Rafaello,Leonardo,Donatello,Jozsika,
Gazsi,Jani,Rafaello,Leonardo,Donatello,Jozsika,
Jani,Donatello,Gazsi,Rafaello,Leonardo,Jozsika,
Rafaello,Leonardo,Gazsi,Jani,Donatello,Jozsika,
Gazsi,Donatello,Rafaello,Jani,Leonardo,Jozsika,
Jani,Leonardo,Gazsi,Rafaello,Donatello,Jozsika,
